Model_name,Description,Hypotheses
Temporal Forecasting Analysis,The forecaster considers the timing of events and deadlines when making predictions. This involves understanding the chronological sequence and temporal constraints that may impact the outcome.,"A forecaster who incorporates the timing of events and deadlines into their analysis may demonstrate a more structured approach to prediction, potentially enhancing the reliability of their forecasts."
Public Support or Opposition,The forecaster considers the level of public support or opposition when evaluating the potential outcomes of negotiations or agreements.,A forecaster who evaluates the level of public support or opposition may have a more comprehensive understanding of the dynamics influencing negotiations or agreements.
Reference to Specific Events or Developments,The forecaster references specific events or developments leading up to the question date in their rationale. This approach focuses on concrete occurrences rather than abstract patterns.,"Forecasters who incorporate specific events or developments into their analyses may demonstrate a detailed understanding of the context surrounding a question, potentially enhancing the precision of their forecasts."
Consideration of External Influences,"The forecaster considers external influences, such as international relations or sanctions, when making predictions. This involves analyzing how these factors might impact the outcome of a forecast.","A forecaster who considers external influences, such as international relations or sanctions, may demonstrate a comprehensive understanding of the factors affecting the forecasted event."
Motivations and Incentives Discussion,"The forecaster considers the motivations and incentives of the parties involved, which may help in understanding the dynamics of the situation.",A forecaster who analyzes the motivations and incentives of the parties involved might develop a more comprehensive understanding of potential outcomes.
Incorporation of Recent Trends and Forecasts,The forecaster evaluates economic indicators by incorporating recent trends and forecasts into their analysis. This approach involves analyzing current data and projections to inform predictions.,"A forecaster who integrates recent trends and forecasts into their analysis may demonstrate a comprehensive understanding of economic indicators, potentially enhancing the accuracy of their predictions."
Stability of Leadership and Governance Structures,The forecaster considers the stability of leadership and governance structures when making predictions. This involves analyzing how consistent and reliable the leadership and governance are over time.,A forecaster who evaluates the stability of leadership and governance structures may enhance their ability to make accurate predictions.
Synchronized Timing and Motivation Analysis,The forecaster considers both the timing of events and the motivations of key stakeholders when analyzing political scenarios. This approach contrasts with focusing solely on long-term trends.,"Forecasters who integrate the timing of events with the motivations of key stakeholders may possess a nuanced understanding of political dynamics, potentially enhancing their ability to anticipate political outcomes."
Cooperation and Conflict Dynamics Evaluation,The forecaster evaluates the degree of cooperation or conflict between parties involved in a situation. This assessment can help in understanding the dynamics that may influence future events.,"Forecasters who can effectively assess the level of cooperation or conflict between involved parties may have a better understanding of the dynamics at play, potentially leading to more accurate predictions."
Economic Implications Focus,"The forecaster considers the economic implications of decisions made by key stakeholders. This involves analyzing how these decisions might impact financial markets, trade, and economic growth.","Forecasters who emphasize understanding the economic implications of decisions made by key stakeholders may possess a deeper insight into market dynamics and economic trends, potentially enhancing their forecasting accuracy."
Tension Dynamics Evaluation,"The forecaster evaluates the potential for changes in tension levels, whether increasing or decreasing, when assessing the likelihood of significant events.","Forecasters who assess the potential for escalation or de-escalation in tensions may possess a nuanced understanding of dynamic situations, which could influence their forecasting accuracy."
Historical Contextualization for Predictive Analysis,The forecaster considers the historical context of similar events when making predictions. This involves examining past occurrences to identify patterns or trends that may inform future outcomes.,"A forecaster who incorporates historical context analysis into their predictions may demonstrate a deeper understanding of potential outcomes, as they draw on past events to inform their forecasts."
Influential Decision-Makers Emphasis,"The forecaster emphasizes the role of key influencers or decision-makers in a situation, rather than concentrating on broader trends.","Forecasters who prioritize understanding the impact of key influencers or decision-makers in a situation may possess a nuanced approach to analyzing events, potentially enhancing their forecasting capabilities."
Deadline-Driven Strategy Emphasis,"The forecaster emphasizes specific actions or strategies of involved parties, particularly as deadlines approach, rather than discussing broader implications without direct event references.","A forecaster who concentrates on the specific actions or strategies of involved parties, especially as deadlines near, may provide more insightful assessments than one who focuses on broader implications without direct event references."
